[
    {
        "_id": "6724e34be48830b036baf6b4",
        "id_cliente": 65,
        "id_campanha": 75,
        "id_genero": 2,
        "id_est_civ": 4,
        "id_escolaridade": 11,
        "nm_cliente": "Pedro Costa",
        "email": "pedro.costa@example.com",
        "password": "opqr2627",
        "dt_nascimento": "1985-02-14T00:00:00Z",
        "campanha": {
            "id_campanha": 75,
            "id_regiao": 13,
            "id_empresa": 8,
            "data_hora": "2024-12-20T20:00:00Z",
            "clicks_efetivos": 490
        },
        "genero": {
            "id_genero": 2,
            "fl_sexo_biologico": "M"
        },
        "estado_civil": {
            "id_est_civ": 4,
            "ds_estado_civil": "Divorciado"
        },
        "escolaridade": {
            "id_escolaridade": 11,
            "ds_escolaridade": "Doutorado"
        }
    },
    {
        "_id": "6724e44e60ef115649b18305",
        "id_cliente": 21,
        "id_campanha": 30,
        "id_genero": 1,
        "id_est_civ": 2,
        "id_escolaridade": 8,
        "nm_cliente": "Lucas Ferraz",
        "email": "lucas.ferraz@example.com",
        "password": "yzab1819",
        "dt_nascimento": "1983-09-30T00:00:00Z",
        "campanha": {
            "id_campanha": 30,
            "id_regiao": 9,
            "id_empresa": 5,
            "data_hora": "2024-12-01T09:15:00Z",
            "clicks_efetivos": 220
        },
        "genero": {
            "id_genero": 1,
            "fl_sexo_biologico": "M"
        },
        "estado_civil": {
            "id_est_civ": 2,
            "ds_estado_civil": "Casado"
        },
        "escolaridade": {
            "id_escolaridade": 8,
            "ds_escolaridade": "Ensino M\u00e9dio Completo"
        }
    }
]